target_mode,pi_r_mode,seed,num_training_steps,total_env_steps,history_points,wall_clock_seconds,training_steps_per_second,env_steps_per_second,replay_transitions,searched_transitions,searched_transition_rate,mean_search_policy_entropy,approx_search_simulations,approx_search_simulations_per_second,approx_search_simulations_per_training_step,q_r_tail_count,q_r_tail_mean,q_r_tail_std,q_r_tail_cv,v_h_e_tail_count,v_h_e_tail_mean,v_h_e_tail_std,v_h_e_tail_cv
one_step,direct,42.0,200.0,2001.0,2.0,14.303322382999795,13.98276530757007,139.89756690223857,1200.0,0.0,0.0,nan,0.0,0.0,0.0,2.0,426589.224609375,408315.087890625,0.9571622168012248,2.0,0.05443415977060795,0.0011575724929571152,0.021265552693639406
one_step,mcts,43.0,200.0,2001.0,2.0,122.24390513099979,1.6360733877543812,16.368914244482582,1200.0,1179.0,0.9825,1.2866047650155459,37728.0,308.62888386598644,188.64,2.0,726.072021484375,360.67236328125,0.49674461018879945,2.0,0.040701369754970074,0.014719427563250065,0.3616445257617164
n_step,direct,44.0,200.0,2001.0,2.0,15.900915734000137,12.577891949477474,125.84180895452212,1200.0,0.0,0.0,nan,0.0,0.0,0.0,2.0,521566.3046875,465352.3828125,0.8922209479987766,2.0,0.016216299729421735,0.01019306923262775,0.6285693655196555
n_step,mcts,45.0,200.0,2001.0,2.0,122.41402717899973,1.6337996928044063,16.346165926508085,1200.0,1182.0,0.985,1.2407272566942573,37824.0,308.98419790316933,189.12,2.0,30800949.75,27992666.25,0.908824775768481,2.0,0.07011030055582523,0.010951658710837364,0.156206129824831
episode,direct,46.0,200.0,2001.0,2.0,16.685791572999733,11.986245850249732,119.92238973174857,1200.0,0.0,0.0,nan,0.0,0.0,0.0,2.0,51097669.0625,50378906.9375,0.9859335633466794,2.0,0.03142281109467149,0.028476351406425238,0.9062318237450078
episode,mcts,47.0,200.0,2001.0,2.0,121.97723910800005,1.6396501631170526,16.40469988198611,1200.0,1185.0,0.9875,1.2479560556085976,37920.0,310.8776709269932,189.6,2.0,26651400.125,22885815.875,0.8587097025920322,2.0,0.07784378901124,0.048573028296232224,0.6239807814159032
